name,reason
Управление информационными потоками для контроля доступа систем ИИ к конфиденциальным данным,вето: статья в Википедии от 2005-06-28 (21 лет) — термин укоренён
Вероятностный периферийный искусственный интеллект для оптимизации и управления промышленными процессами,вето: статья в Википедии от 2001-10-08 (25 лет) — термин укоренён
Воплощенный искусственный интеллект для автономного восприятия среды и выполнения физических действий двуногими роботами,вето: статья в Википедии от 2002-04-12 (24 лет) — термин укоренён
Двуногая шагающая локомоция коммерческих гуманоидных роботов для выполнения логистических складских операций,вето: статья в Википедии от 2001-09-19 (25 лет) — термин укоренён
Фотонные процессоры для оптического межчипового взаимодействия в ИИ-фабриках,вето: статья в Википедии от 2009-04-04 (17 лет) — термин укоренён
Контроль информационных потоков для ограничения доступа систем искусственного интеллекта к данным,вето: статья в Википедии от 2005-06-28 (21 лет) — термин укоренён
Анализ телеметрии оборудования для предиктивного технического обслуживания и предотвращения аварийных остановок,зрелость не подтверждена: 198 публикаций за 3 года; объём низкий; arXiv: 6; статьи в Википедии нет
Анализ изображений методами компьютерного зрения для автоматизированного контроля качества и дефектоскопии продукции,зрелость не подтверждена: 48 публикаций за 3 года; объём низкий; arXiv: 10; статьи в Википедии нет
Применение шарнирно-сочлененных роботов-манипуляторов для автоматизации технологических производственных операций,зрелость не подтверждена: 21 публикаций за 3 года; объём низкий; arXiv: 2; статьи в Википедии нет
Использование промышленных роботов SCARA для прецизионных сборочных операций в плоскости,зрелость не подтверждена: 3 публикаций за 3 года; объём низкий; arXiv: 0; статьи в Википедии нет
Использование дельта-роботов с параллельной замкнутой структурой для высокоскоростного манипулирования грузами,зрелость не подтверждена: 23 публикаций за 3 года; объём низкий; arXiv: 1; статьи в Википедии нет
Роботизированные хирургические комплексы для проведения малоинвазивных оперативных вмешательств,зрелость не подтверждена: 358 публикаций за 3 года; объём низкий; arXiv: 25; статьи в Википедии нет
Применение графических процессоров для ускорения параллельных вычислений в дата-центрах,зрелость не подтверждена: 103 публикаций за 3 года; объём низкий; arXiv: 27; статьи в Википедии нет
Платформы управления жизненным циклом и развертыванием базовых моделей искусственного интеллекта,зрелость не подтверждена: 6 публикаций за 3 года; объём низкий; arXiv: 0; статьи в Википедии нет
Прямой перевод средств со счета на счет через открытые API для оплаты,зрелость не подтверждена: 17 публикаций за 3 года; объём низкий; arXiv: 0; статьи в Википедии нет
Локальное распознавание лиц на смартфонах для биометрической аутентификации пользователей,зрелость не подтверждена: 6 публикаций за 3 года; объём низкий; arXiv: 0; статьи в Википедии нет
Оркестрация распределенной периферийной инфраструктуры для развертывания корпоративных систем искусственного интеллекта,зрелость не подтверждена: 163 публикаций за 3 года; объём низкий; arXiv: 18; статьи в Википедии нет
Оптическая коммутация каналов на микроактуаторах для реконфигурации кластеров ИИ-ускорителей,вето: статья в Википедии от 2010-09-09 (16 лет) — термин укоренён
Компьютерное зрение для автоматического обнаружения дефектов и контроля качества продукции,зрелость не подтверждена (стадия по статьям: 4): 7 публикаций за 3 года; объём низкий; arXiv: 2; статьи в Википедии нет
Модульные автономные надводные и подводные платформы для военных и разведывательных операций,вето: статья в Википедии от 2006-11-06 (20 лет) — термин укоренён
Модульные интеллектуальные камеры со встроенными вычислениями для периферийного машинного зрения роботов,вето: статья в Википедии от 2005-01-20 (22 лет) — термин укоренён
Программно-определяемое серийное производство автономных надводных кораблей для флота,вето: статья в Википедии от 2006-11-06 (20 лет) — термин укоренён
Базовая модель воплощенного интеллекта для универсального манипулирования схватами и пальцами роботов,вето: статья в Википедии от 2002-04-12 (24 лет) — термин укоренён
Автоматизированная система выгрузки бесстыковых рельсовых плетей с вагонов на железнодорожный путь,вето: статья в Википедии от 2003-09-18 (23 лет) — термин укоренён
Аппаратно-независимая операционная система для децентрализованной координации автономных роботов,вето: статья в Википедии от 2008-10-14 (18 лет) — термин укоренён
Тканевые мультимодальные тактильные датчики для захватных устройств роботов,вето: статья в Википедии от 2010-01-29 (17 лет) — термин укоренён
Генеративная модель мира для обучения систем физического искусственного интеллекта,вето: статья в Википедии от 2004-09-18 (22 лет) — термин укоренён
Семиосевой легкий манипулятор на основе упругих приводов для адаптивного взаимодействия,вето: статья в Википедии от 2003-08-10 (23 лет) — термин укоренён
Открытая мобильная манипуляционная платформа для ассистивного взаимодействия с людьми,вето: статья в Википедии от 2009-12-29 (17 лет) — термин укоренён
Динамический объезд препятствий мобильными роботами с сохранением заданных виртуальных маршрутов,вето: статья в Википедии от 2007-11-28 (19 лет) — термин укоренён
Нейросетевой автоматический оптический контроль для выявления производственных дефектов печатных плат,вето: статья в Википедии от 2006-11-07 (20 лет) — термин укоренён
Мультисенсорная система воплощенного интеллекта для автономных роботов в строительстве,вето: статья в Википедии от 2002-02-24 (25 лет) — термин укоренён
Хостовая верификация среды выполнения и обнаружение шаблонов атак для ИИ-агентов написания кода,вето: статья в Википедии от 2005-11-07 (21 лет) — термин укоренён
Предоставление гибких кредитов под залог инвестиционных активов через открытые финансы,вето: статья в Википедии от 2004-09-28 (22 лет) — термин укоренён
Квантово-защищенная сетевая инфраструктура для шифрования транзакций и данных в банковском секторе,вето: статья в Википедии от 2002-05-11 (24 лет) — термин укоренён
Круглосуточная интеллектуальная маршрутизация ордеров для ночной торговли ценными бумагами,вето: статья в Википедии от 2013-04-18 (13 лет) — термин укоренён
Обработка неструктурированных финансовых документов на базе прикладного генеративного искусственного интеллекта,вето: статья в Википедии от 2004-11-20 (22 лет) — термин укоренён
Применение адаптивных инфраструктурных приманок и симуляции атак для обнаружения скрытых киберугроз,вето: статья в Википедии от 2016-09-08 (10 лет) — термин укоренён
Финансирование технологических компаний под будущую выручку с интеграцией банковских данных,вето: статья в Википедии от 2012-09-09 (14 лет) — термин укоренён
Платформа распределения безналоговых бюджетов на индивидуальное медицинское страхование с интеграцией зарплатных систем,вето: статья в Википедии от 2005-10-24 (21 лет) — термин укоренён
Модульные автономные дата-центры для периферийного развертывания систем искусственного интеллекта,вето: статья в Википедии от 2011-03-28 (15 лет) — термин укоренён
Упреждающая компиляция нейросетевых моделей во встраиваемый C-код для сверхнизкопотребляющих микроконтроллеров,вето: статья в Википедии от 2007-03-08 (20 лет) — термин укоренён
