name,domain,search_term,label,reason
Локальная шлюзовая фильтрация действий автономных ИИ-агентов для предотвращения несанкционированного доступа,Защита ИИ,AI agent policy enforcement,positive,не проверено: ни одной публикации ни в одном источнике — название не найдено как поисковый термин
Непрерывная верификация и блокировка недоверенных подключаемых инструментов и навыков ИИ-агентов,Защита ИИ,agent supply chain security,positive,не проверено: ни одной публикации ни в одном источнике — название не найдено как поисковый термин
Бенчмаркинг для оценки и выявления скрытого сговора автономных ИИ-агентов,Защита ИИ,multi-agent collusion detection,positive,не проверено: ни одной публикации ни в одном источнике — название не найдено как поисковый термин
Обнаружение и фильтрация отравленных документов в корпусе RAG по бюджету оповещений,Защита ИИ,corpus poisoning detection,positive,не проверено: ни одной публикации ни в одном источнике — название не найдено как поисковый термин
Двухэтапная семантическая фильтрация и разрешение конфликтов для защиты корпуса RAG,Защита ИИ,RAG poisoning defense,positive,не проверено: ни одной публикации ни в одном источнике — название не найдено как поисковый термин
Сквозное ИИ-управление производственными линиями для автономного изготовления конструкционной стали,Индустриальный ИИ,automated steel fabrication,positive,не проверено: ни одной публикации ни в одном источнике — название не найдено как поисковый термин
Прямое формирование ультратонких шагающих по воде мягких роботов методом гидрорастекания,Роботы,water walking soft robot,positive,не проверено: ни одной публикации ни в одном источнике — название не найдено как поисковый термин
Архитектура ускорителей вывода с объединенным пулом памяти сверхнизкой задержки,Инфраструктура ИИ,low-latency memory interconnect,positive,не проверено: ни одной публикации ни в одном источнике — название не найдено как поисковый термин
Вертикальные нитрид-галлиевые транзисторы для эффективного преобразования энергии в ускорителях ИИ,Инфраструктура ИИ,vertical gallium nitride transistors,positive,не проверено: ни одной публикации ни в одном источнике — название не найдено как поисковый термин
Динамическая балансировка рабочих нагрузок ИИ на основе высокочастотного мониторинга энергопотребления,Инфраструктура ИИ,power-aware workload scheduling,positive,не проверено: ни одной публикации ни в одном источнике — название не найдено как поисковый термин
Контейнерные газовые турбины без внешнего водоснабжения для энергообеспечения дата-центров ИИ,Инфраструктура ИИ,containerized gas turbine,positive,не проверено: ни одной публикации ни в одном источнике — название не найдено как поисковый термин
Трансграничные расчеты через единый API с конвертацией стейблкоинов в локальный фиат,Финтех,stablecoin cross-border payments,positive,не проверено: ни одной публикации ни в одном источнике — название не найдено как поисковый термин
Автоматизация банковских сервисов с помощью специализированной операционной системы на базе ИИ,Финтех,AI core banking,positive,не проверено: ни одной публикации ни в одном источнике — название не найдено как поисковый термин
Встраиваемое управление корпоративными расходами поверх унаследованной процессинговой банковской инфраструктуры,Финтех,embedded spend management,positive,не проверено: ни одной публикации ни в одном источнике — название не найдено как поисковый термин
Обнаружение и устранение аномалий на уровне микроконтроллеров для промышленных систем,Edge,microcontroller anomaly detection,positive,не проверено: ни одной публикации ни в одном источнике — название не найдено как поисковый термин
Мониторинг активности локальных ИИ-инструментов на конечных устройствах в реальном времени,Edge,endpoint AI security agent,positive,не проверено: ни одной публикации ни в одном источнике — название не найдено как поисковый термин
Мобильное компьютерное зрение для автоматического видеоотслеживания спортивных матчей на периферии,Edge,automated sports tracking,positive,не проверено: ни одной публикации ни в одном источнике — название не найдено как поисковый термин
Агентное планирование операций и траекторий ЧПУ-обработки на базе физики резания металлов,Индустриальный ИИ,physics-informed toolpath planning,positive,не проверено: ни одной публикации ни в одном источнике — название не найдено как поисковый термин
Обучение универсальных роботизированных моделей на неструктурированных зашумленных данных реального мира,Индустриальный ИИ,uncurated robot learning,positive,не проверено: ни одной публикации ни в одном источнике — название не найдено как поисковый термин
Моделирование двустороннего рассуждения для прерываемого диалога и динамической корректировки роботизированных действий,Индустриальный ИИ,duplex reasoning,positive,не проверено: ни одной публикации ни в одном источнике — название не найдено как поисковый термин
Автоматическое обнаружение и исполнение сложных корпоративных процессов мультиагентными системами,Индустриальный ИИ,agentic process discovery,positive,не проверено: ни одной публикации ни в одном источнике — название не найдено как поисковый термин
Обучение универсальных базовых моделей робототехники на нерафинированных реальных данных окружения,Роботы,dirty data robotics,positive,не проверено: ни одной публикации ни в одном источнике — название не найдено как поисковый термин
Предварительное обучение базовых моделей робототехники на крупномасштабных данных реального взаимодействия,Роботы,robot scaling laws,positive,не проверено: ни одной публикации ни в одном источнике — название не найдено как поисковый термин
Аппаратно-независимый искусственный интеллект для переноса навыков точного манипулирования,Роботы,hardware agnostic manipulation,positive,не проверено: ни одной публикации ни в одном источнике — название не найдено как поисковый термин
Носимая перчатка для сбора демонстрационных данных взаимодействия кисти при обучении роботов,Роботы,data glove teleoperation,positive,не проверено: ни одной публикации ни в одном источнике — название не найдено как поисковый термин
Интегральные тактильные сенсорные чипы для высокоточного очувствления роботизированных манипуляторов,Роботы,tactile sensing chip,positive,не проверено: ни одной публикации ни в одном источнике — название не найдено как поисковый термин
Стек управления гуманоидным роботом с объединением автономности языковых моделей и контролируемой телеоперации,Роботы,supervised robot teleoperation,positive,не проверено: ни одной публикации ни в одном источнике — название не найдено как поисковый термин
Динамическое планирование и координация парка автономной тяжелой строительной техники,Роботы,construction fleet orchestration,positive,не проверено: ни одной публикации ни в одном источнике — название не найдено как поисковый термин
Динамическое распределение задач для разнородных парков гуманоидов и мобильных роботов,Роботы,heterogeneous fleet orchestration,positive,не проверено: ни одной публикации ни в одном источнике — название не найдено как поисковый термин
Голосовое децентрализованное управление мультидоменными группами автономных роботов без облачной связи,Роботы,cross-domain fleet orchestration,positive,не проверено: ни одной публикации ни в одном источнике — название не найдено как поисковый термин
Сквозная оркестрация парка человекоподобных роботов с обучением методом проб и ошибок,Роботы,humanoid fleet orchestration,positive,не проверено: ни одной публикации ни в одном источнике — название не найдено как поисковый термин
Токенизация платежных полномочий для безопасной авторизации автономных транзакций ИИ-агентов,Финтех,agentic payment tokenization,positive,не проверено: ни одной публикации ни в одном источнике — название не найдено как поисковый термин
Программируемый банковский кор-процессинг для одновременного обслуживания фиатных и цифровых активов,Финтех,programmable banking platform,positive,не проверено: ни одной публикации ни в одном источнике — название не найдено как поисковый термин
Программируемый клиринговый шлюз для круглосуточных расчетов между стейблкоинами и фиатными рельсами,Финтех,programmable settlement rails,positive,не проверено: ни одной публикации ни в одном источнике — название не найдено как поисковый термин
ИИ-автоматизация валютных рабочих процессов и централизация мультибанковских казначейских счетов,Финтех,treasury intelligence platform,positive,не проверено: ни одной публикации ни в одном источнике — название не найдено как поисковый термин
Трансграничные казначейские расчеты стейблкоинами с бесшовной интеграцией в корпоративный учет,Финтех,treasury settlement infrastructure,positive,не проверено: ни одной публикации ни в одном источнике — название не найдено как поисковый термин
Программируемая верификация цифровой идентичности для противодействия мошенничеству с использованием генеративного ИИ,Финтех,programmable identity verification,positive,не проверено: ни одной публикации ни в одном источнике — название не найдено как поисковый термин
Межбанковская цифровая сеть для выпуска и обращения токенизированных депозитов,Финтех,tokenized deposit network,positive,не проверено: ни одной публикации ни в одном источнике — название не найдено как поисковый термин
Инфраструктура регулируемых токенизированных денег для проведения институциональных расчетов,Финтех,regulated tokenized money,positive,не проверено: ни одной публикации ни в одном источнике — название не найдено как поисковый термин
Проведение межбанковских транзакций с токенизированными депозитами в блокчейн-сети,Финтех,tokenized deposit settlement,positive,не проверено: ни одной публикации ни в одном источнике — название не найдено как поисковый термин
Исполнение вычислений ИИ в защищенных анклавах для защиты конфиденциальных данных,Защита ИИ,confidential AI computing,positive,не проверено: ни одной публикации ни в одном источнике — название не найдено как поисковый термин
Фильтрация и мониторинг взаимодействий ИИ-агентов в реальном времени для безопасного вызова инструментов,Защита ИИ,AI runtime defense,positive,не проверено: ни одной публикации ни в одном источнике — название не найдено как поисковый термин
Интеграция самовосстанавливающихся материалов в конструкции биовдохновленных автономных роботов,Роботы,self-healing robotic materials,negative,не проверено: ни одной публикации ни в одном источнике — название не найдено как поисковый термин
Акустическое детектирование сигнатур горения для сверхраннего обнаружения лесных пожаров,Индустриальный ИИ,acoustic fire detection,positive,не проверено: ни одной публикации ни в одном источнике — название не найдено как поисковый термин
Предобучение моделей пространственного рассуждения на видеозаписях геймплея для переноса поведения роботов в реальность,Индустриальный ИИ,gameplay video pretraining,positive,не проверено: ни одной публикации ни в одном источнике — название не найдено как поисковый термин
Автономное принятие решений об утверждении и оплате счетов с помощью ИИ-агентов,Индустриальный ИИ,autonomous invoice processing,positive,не проверено: ни одной публикации ни в одном источнике — название не найдено как поисковый термин
Автономные цифровые сотрудники для управления закупками длинного хвоста в цепочках поставок,Индустриальный ИИ,tail spend automation,positive,не проверено: ни одной публикации ни в одном источнике — название не найдено как поисковый термин
Субваттные нейропроцессоры для энергоэффективного инференса искусственного интеллекта на периферийных устройствах,Edge,sub-watt neural processor,positive,не проверено: ни одной публикации ни в одном источнике — название не найдено как поисковый термин
Автономная маршрутизация задач ИИ-агента между локальным устройством и облачными моделями,Edge,hybrid inference orchestration,positive,не проверено: ни одной публикации ни в одном источнике — название не найдено как поисковый термин
Скрытая сетевая архитектура для защищенного распределенного инференса на периферийных GPU,Edge,distributed GPU networking,positive,не проверено: ни одной публикации ни в одном источнике — название не найдено как поисковый термин
Развертывание домашних распределенных микроцентров обработки данных для инференса ИИ,Edge,residential edge computing,positive,не проверено: ни одной публикации ни в одном источнике — название не найдено как поисковый термин
Сквозная оркестрация гетерогенных процессоров для локального выполнения агентных ИИ-задач,Edge,heterogeneous edge orchestration,positive,не проверено: ни одной публикации ни в одном источнике — название не найдено как поисковый термин
Автоматизированное выявление и урегулирование неправомерных вычетов при взаиморасчетах с ритейлерами,Финтех,deduction dispute automation,positive,не проверено: ни одной публикации ни в одном источнике — название не найдено как поисковый термин
Гибридная маршрутизация транзакций между фиатными шлюзами и стейблкоинами для трансграничных расчетов,Финтех,hybrid payment routing,positive,не проверено: ни одной публикации ни в одном источнике — название не найдено как поисковый термин
Маршрутизация ликвидности стейблкоинов через единый API для трансграничных межбанковских расчетов,Финтех,stablecoin liquidity routing,positive,не проверено: ни одной публикации ни в одном источнике — название не найдено как поисковый термин
Встраивание рассрочки платежей в банковские приложения для кредитования покупок,Финтех,embedded BNPL infrastructure,positive,не проверено: ни одной публикации ни в одном источнике — название не найдено как поисковый термин
Встраиваемое финансирование дебиторской задолженности для мгновенной оплаты счетов поставщиков,Финтех,embedded invoice financing,positive,не проверено: ни одной публикации ни в одном источнике — название не найдено как поисковый термин
Непрерывный мониторинг и автоматизированная проверка ковенантов для структурированных кредитных линий,Финтех,debt facility monitoring,positive,не проверено: ни одной публикации ни в одном источнике — название не найдено как поисковый термин
Динамическая оптимизация межбанковских ставок платежей с использованием интеллектуального механизма принятия решений,Финтех,interchange fee optimization,positive,не проверено: ни одной публикации ни в одном источнике — название не найдено как поисковый термин
Сопоставление проводок главной книги с помощью ИИ-агентов на основе порогов достоверности,Финтех,reconciliation AI agent,positive,не проверено: ни одной публикации ни в одном источнике — название не найдено как поисковый термин
Автоматизированная сверка и оспаривание неправомерных удержаний из розничных инвойсов,Финтех,invoice deduction management,positive,не проверено: ни одной публикации ни в одном источнике — название не найдено как поисковый термин
Сквозная сверка транзакций малого бизнеса через объединение банковских и бухгалтерских реестров,Финтех,continuous ledger reconciliation,positive,не проверено: ни одной публикации ни в одном источнике — название не найдено как поисковый термин
Мультиагентная оркестрация сквозной сверки бухгалтерских данных и анализа расхождений,Финтех,multi-agent financial reconciliation,positive,не проверено: ни одной публикации ни в одном источнике — название не найдено как поисковый термин
Электрические беспилотные летательные аппараты вертикального взлета и посадки для тактической разведки,Роботы,eVTOL fixed-wing drone,positive,стадия 5 по статьям: Quantum said it enters this next growth phase with proven operational deployment at scale.,https://www.therobotreport.com/quantum-systems-raises-1-2b-expand-drone-production-deployments/
Автоматизированная консолидация финансовой отчетности из разнородных бухгалтерских систем,Финтех,financial data consolidation,positive,"стадия 5 по статьям: Established in the UK in 2018, Joiin has grown into a profitable and cash-generative operation relied upon by thousands ",https://fintech.global/2026/09/18/joiin-secures-e1-5m-to-fuel-global-growth/?utm_source=rss&utm_medium=rss&utm_campaign=joiin-secures-e1-5m-to-fuel-global-growth
Единая маршрутизация транзакций с автоматическим расщеплением платежей для многоузловых маркетплейсов,Финтех,split payment processing,positive,"стадия 5 по статьям: its platform is now relied upon by more than 6,500 businesses, including Epos Now, Chaiwalla, the Disasters Emergency Co",https://fintech.global/2026/09/17/ryft-secures-20m-in-uks-largest-payments-series-b/?utm_source=rss&utm_medium=rss&utm_campaign=ryft-secures-20m-in-uks-largest-payments-series-b
Андеррайтинг трансграничного торгового финансирования на основе аналитики данных маркетплейсов,Финтех,trade finance underwriting,positive,стадия 5 по статьям: Qupital has processed more than US$9.5bn in cumulative loans for tens of thousands of enterprises to date.,https://fintech.global/2026/09/15/qupital-eyes-ipo-after-landmark-300m-series-c-round/?utm_source=rss&utm_medium=rss&utm_campaign=qupital-eyes-ipo-after-landmark-300m-series-c-round
Кросс-канальный персональный мониторинг коммуникаций для защиты пользователей от мошенничества генеративного ИИ,Финтех,multichannel scam detection,positive,"стадия 5 по статьям: Guardio has posted revenue growth above 100% year-on-year for four consecutive years, a run that has taken the business ",https://fintech.global/2026/09/04/guardio-raises-40m-as-scammers-turn-to-ai-at-scale/?utm_source=rss&utm_medium=rss&utm_campaign=guardio-raises-40m-as-scammers-turn-to-ai-at-scale
Встраиваемое финансирование счетов B2B-маркетплейсов через банкротно-изолированную структуру секьюритизации,Финтех,embedded invoice financing,positive,"стадия 5 по статьям: Its technology now underpins upwards of 70 of Europe’s biggest B2B marketplaces and freelancer platforms, among them Mal",https://fintech.global/2026/07/09/aria-raises-e7m-and-secures-e240m-facility-for-invoices/?utm_source=rss&utm_medium=rss&utm_campaign=aria-raises-e7m-and-secures-e240m-facility-for-invoices
