id,name,domain,name_en,search_term,companies,stage_note,sources,reason
pos-252911,Замкнутое видео-прогностическое управление манипуляторами для адаптивной роботизированной сборки,Индустриальный ИИ,Closed-loop video predictive control for adaptive industrial robotic manipulation,video predictive control,Rhoda AI,Выход из stealth в марте 2026 года с раундом Series A на $450 млн и развертыванием пилотов в производственной логистике.,https://www.therobotreport.com/rhoda-ai-exits-stealth-with-450m-to-train-robots-from-video/;https://www.roboticstomorrow.com/news/2026/03/10/rhoda-ai-exits-stealth-with-450-million-series-a-to-bring-robots-out-of-the-lab-and-into-the-real-world/24227/,ни одной публикации ни в одном источнике — название не найдено как поисковый термин
pos-711400,Физико-ориентированная оптимизация траекторий инструмента для автономного программирования станков с ЧПУ,Индустриальный ИИ,Physics-based autonomous toolpath generation for CNC machine programming,automated CNC programming,LimitlessCNC,"Выход из stealth в марте 2025 года с посевным раундом $4,1 млн и валидацией технологии на предприятии поставщика Tier-1 с 250 станками.",https://www.calcalistech.com/ctechnews/article/h1mve9zck;https://www.manufacturing.net/artificial-intelligence/news/22937748/ai-startup-limitlesscnc-emerges-from-stealth-to-transform-cnc-programming,ни одной публикации ни в одном источнике — название не найдено как поисковый термин
pos-257698,Самообучающееся компьютерное зрение для выявления первопричин дефектов на сборочных линиях,Индустриальный ИИ,Self-supervised computer vision for industrial defect root-cause analysis,self-supervised visual inspection,Matta (спиноут University of Cambridge),Закрыла посевной раунд на $14 млн в конце 2025 года под руководством фонда Lakestar для развертывания самообучающихся камер на конвейерах.,https://entrepreneurloop.com/cambridge-ai-spinout-matta-secures-record-breaking-industrial-ai-investment/;https://www.cam.ac.uk/research/news/matta-ai-manufacturing,ни одной публикации ни в одном источнике — название не найдено как поисковый термин
pos-957910,Автономные подводные мобильные роботы регулярного превентивного удаления биопленок с корпусов судов,Роботы,Autonomous mobile underwater robots for proactive ship hull biofouling grooming,robotic hull grooming,Hullbot,Компания Hullbot привлекла $16 млн инвестиций в серии A и перешла от локальных тестов к первым коммерческим развертываниям сервиса регулярной очистки флотов паромов.,https://katapultocean.com/insights/why-we-invested-in-hullbot;https://www.weforum.org/stories/2026/09/uplink-low-carbon-circular-systems-winners/,ни одной публикации ни в одном источнике — название не найдено как поисковый термин
pos-725244,Акустическая левитация в робототехнических схватах для бесконтактного манипулирования микрообъектами,Роботы,Acoustic levitation robotic grippers for contactless micro-object manipulation,acoustic gripper,No-Touch Robotics,No-Touch Robotics запустила пилотные интеграции бесконтактного ультразвукового захвата на производственных линиях полупроводниковой и часовой промышленности.,https://ethz.ch/en/news-and-events/eth-news/news/2020/02/gripping-without-touching.html;https://www.venturekick.ch/NoTouch-Robotics-contactless-robotic-grippers-for-small-and-fragile-objects,ни одной публикации ни в одном источнике — название не найдено как поисковый термин
pos-889156,Вероятностное моделирование динамической памяти среды для автономных мобильных роботов,Роботы,Probabilistic persistent state modeling and long-horizon planning for autonomous robots,probabilistic task planning,Stateful Robotics (спиноут University of Oxford),"Вышла из скрытого режима в марте 2026 года с pre-seed раундом на $4,8 млн на стадии проведения первых пилотов в логистике и на стройплощадках.",https://www.oxfordscienceenterprises.com/news/oxford-spinout-stateful-robotics-raises-4-8m-to-bring-long-horizon-intelligence-to-real-world-robotics;https://startupresearcher.com/stateful-robotics-pre-seed/,ни одной публикации ни в одном источнике — название не найдено как поисковый термин
pos-650706,Адаптивное роботизированное скалывание поврежденного бетона для ремонта объектов инфраструктуры,Роботы,Vision-guided modular robotics for infrastructure concrete restoration,robotic hydrodemolition,Sitegeist (спиноут Technical University of Munich),Привлекла €4 млн в рамках pre-seed раунда в феврале 2026 года для проведения испытаний модульных роботов на действующих строительных объектах.,https://sitegeist-robotics.com;https://startbase.com/news/sitegeist-erhaelt-4-millionen-euro-pre-seed-finanzierung/,ни одной публикации ни в одном источнике — название не найдено как поисковый термин
pos-527097,Обучаемый адаптивный слой долговременной памяти для компрессии контекста корпоративных ИИ-агентов,Инфраструктура ИИ,Learned persistent memory layer for enterprise AI context compression,learned memory layer,Engram,Стартап Engram вышел из stealth в июне 2026 года с раундом $98 млн при оценке $600 млн и соглашением о пилотной интеграции решений с экосистемой Microsoft.,https://www.prnewswire.com/news-releases/engram-emerges-from-stealth-with-98m-to-build-a-learned-memory-layer-for-ai-302179836.html;https://pulse2.com/engram-launches-with-98-million-to-build-ai-memory-layer-for-enterprises/,ни одной публикации ни в одном источнике — название не найдено как поисковый термин
pos-823780,Аппаратная изоляция сред выполнения кода на базе микро-ВМ для безопасных ИИ-агентов,Инфраструктура ИИ,MicroVM-based isolated execution runtime for autonomous AI agents,microVM code execution,"E2B, Daybreak, Eve Security",Компания E2B закрыла раунд Series A на $21 млн под руководством Insight Partners летом 2025 года для масштабирования изолированных сред Firecracker microVM под автономный запуск агентного кода.,https://infrastartups.com/agent-runtime-infrastructure/;https://nayaone.com/reports/agent-runtime/,ни одной публикации ни в одном источнике — название не найдено как поисковый термин
pos-551053,Автоматизированная формальная верификация схем с нулевым разглашением для протоколов децентрализованных финансов,Финтех,Automated formal verification and program analysis of zero-knowledge circuits for DeFi protocols,zero-knowledge circuit verification,Veridise (спиноут Техасского университета в Остине),"Привлечение $4,7 млн в посевном раунде под руководством фонда Polychain Capital для развертывания инструментария автоматического доказательства математической корректности ZK-схем и смарт-контрактов.",https://veridise.com/blog/veridise-raised-4-7-million-in-seed-round-to-advance-blockchain-security/;https://infrastartups.com/deeptech/formal-verification-startups/,ни одной публикации ни в одном источнике — название не найдено как поисковый термин
pos-620781,Интеллектуальное извлечение регуляторных требований в машиночитаемый формат для автоматизации комплаенс-контроля,Финтех,Machine learning extraction of regulatory content into structured machine-readable formats for compliance automation,machine-readable regulatory reporting,"RegGenome (Regulatory Genome Development, спиноут Кембриджского университета)",Закрытие посевного раунда инвестиций в размере $6 млн под руководством Evolution Equity Partners при стратегическом участии платежного гиганта Mastercard и Cambridge Enterprise.,https://www.cam.ac.uk/research/news/cambridge-spin-out-raises-6m-seed-round-for-transformative-regulatory-data-structures;https://thepaypers.com/payments-general/regtech-company-reggenome-secures-usd-6-million-seed-funding--1255745,ни одной публикации ни в одном источнике — название не найдено как поисковый термин
pos-388621,Контекстная фильтрация вызовов инструментов для предотвращения компрометации агентов ИИ,Защита ИИ,Contextual tool-call guardrails and agentic injection defense,tool poisoning defense,Invariant Labs,Спиноут ETH Zurich был основан в 2024 году исследователями SRI Lab и поглощён компанией Snyk в июне 2025 года для интеграции защитного шлюза агентов.,https://ethz.ch;https://snyk.io,ни одной публикации ни в одном источнике — название не найдено как поисковый термин
pos-536504,Предварительная фильтрация вызовов внешних инструментов для изоляции среды выполнения ИИ-агентов,Защита ИИ,Pre-execution Tool-Call Mediation and Boundary Enforcement for Autonomous Agents,runtime tool call mediation,"Aegis Project, Sayfos, Clawmont","Прототип шлюза Aegis с задержкой анализа 8,3 мс продемонстрирован исследователями в 2026 году и взят за основу проектов рабочих групп OWASP Agentic Security.",https://arxiv.org/abs/2603.11181;https://viterbischool.usc.edu/,ни одной публикации ни в одном источнике — название не найдено как поисковый термин
pos-626108,Периферийное машинное обучение для сверхширокополосного радиочастотного распознавания людей и жизненных показателей,Edge,Edge-processed machine learning for ultra-wideband RF human sensing and vital signs detection,ultra-wideband human sensing,Algorized,"В ноябре 2024 года привлекла Seed-раунд на $4,3 млн под руководством Amazon Industrial Innovation Fund.",https://www.globenewswire.com/news-release/2024/11/07/2976785/0/en/Algorized-Raises-4-3-Million-in-Seed-Funding-to-Drive-Innovation-in-People-Sensing-Technology-for-Safe-Human-Machine-Interaction.html;https://thesaasnews.com/news/algorized-secures-4-3-million-in-seed-round,ни одной публикации ни в одном источнике — название не найдено как поисковый термин
pos-136615,Мемконденсаторные вычисления в памяти для локального инференса нейросетей на мобильных устройствах,Edge,Memcapacitive in-memory computing for on-device edge AI inference,memcapacitive in-memory computing,SEMRON (спиноут Дрезденского технического университета / TU Dresden),"Стартап привлек посевной раунд в размере €7,3 млн в 2024 году для создания 3D-чипов CapRAM на основе емкостных компонентов.",https://www.sprind.org/en/challenges/new-computing-concepts/semron/;https://medium.com/join-capital/on-the-edge-of-the-possible-why-we-invested-in-semron-9dd3cebe47c5,ни одной публикации ни в одном источнике — название не найдено как поисковый термин
