id,name,reason
pos-654571,Бессеточная физико-информированная симуляция для теплового анализа полупроводниковых микросхем,источники первого прогона не открываются — не проверяемы
pos-403168,Интерактивное имитационное обучение промышленных роботов по демонстрациям оператора на производстве,источники первого прогона не открываются — не проверяемы
pos-082129,Мультимодальные модели мира для оперативного диспетчерского планирования дискретных производств,источники первого прогона не открываются — не проверяемы
pos-789467,Событийное нейроморфное зрение для высокоскоростного оптического контроля дефектов на сборочных линиях,источники первого прогона не открываются — не проверяемы
pos-547961,Оптико-тактильное профилометрическое сканирование для высокоточного трехмерного контроля микродефектов поверхностей,источники первого прогона не открываются — не проверяемы
pos-236042,Генеративный дизайн микроструктур материалов для оптимизации параметров промышленного производства,источники первого прогона не открываются — не проверяемы
pos-890840,Причинно-следственный машинный анализ производственных данных для предотвращения скрытого брака,источники первого прогона не открываются — не проверяемы
pos-442675,Суррогатное моделирование мультифизических процессов для генеративного проектирования электродвигателей,источники первого прогона не открываются — не проверяемы
pos-769334,Дистанционная магнитная навигация микророботических катетеров для эндоваскулярного лечения сосудистых патологий мозга,источники первого прогона не открываются — не проверяемы
pos-818347,Электрогидравлические электростатические приводы искусственных мышц для адаптивных робототехнических захватов,источники первого прогона не открываются — не проверяемы
pos-418276,Магнитная роботизированная навигация микропроводников для эндоваскулярного лечения инсульта,источники первого прогона не открываются — не проверяемы
pos-352769,Концентрические трубчатые континуальные манипуляторы для эндоскопической резекции внутренних опухолей,источники первого прогона не открываются — не проверяемы
pos-407157,Электроадгезионные муфты сцепления для снижения энергопотребления приводов носимых экзоскелетов,источники первого прогона не открываются — не проверяемы
pos-020050,Трехмерная статическая память высокой плотности для ликвидации дефицита пропускной способности ИИ-ускорителей,источники первого прогона не открываются — не проверяемы
pos-325146,Высокорадиальная однопереходная коммутационная архитектура для минимизации задержек в крупномасштабных кластерах ИИ,источники первого прогона не открываются — не проверяемы
pos-170606,Распределенное многоуровневое кэширование контекстных состояний для ускорения пакетного инференса нейросетей,источники первого прогона не открываются — не проверяемы
pos-533872,Программно-аппаратная адаптация реконфигурируемых FPGA-матриц для ускорения памяти-зависимого инференса генеративных моделей,источники первого прогона не открываются — не проверяемы
pos-456841,Комплексная кремний-фотонная оптическая межсоединительная ткань для прямого масштабирования кластеров ускорителей,источники первого прогона не открываются — не проверяемы
pos-123684,Аналоговые вычисления в памяти на энергонезависимых элементах для локального инференса нейросетей,источники первого прогона не открываются — не проверяемы
pos-585059,Динамическая оркестрация вычислительной нагрузки дата-центров под балансировку электрических сетей,источники первого прогона не открываются — не проверяемы
pos-172319,Трехмерное оптическое умножение матриц в свободном пространстве для ускорения инференса нейросетей,источники первого прогона не открываются — не проверяемы
pos-551963,Кремниевая фотонная коммутация с ультранизкой задержкой для объединения кластеров ИИ-ускорителей,источники первого прогона не открываются — не проверяемы
pos-272907,Аппаратное сжатие оперативной памяти для серверов инференса и обучения ИИ,источники первого прогона не открываются — не проверяемы
pos-210927,Аналогово-цифровые импульсные нейроморфные процессоры для энергоэффективной обработки сенсорных данных,источники первого прогона не открываются — не проверяемы
pos-767093,Многоуровневые мемристорные матрицы для аналоговых вычислений глубоких нейросетей в памяти,источники первого прогона не открываются — не проверяемы
pos-073424,Встроенное в кристалл микрофлюидное жидкостное охлаждение для высокоплотных ИИ-ускорителей и GPU,источники первого прогона не открываются — не проверяемы
pos-076093,Аналоговые емкостные вычисления в памяти для энергоэффективного матричного умножения в трансформерах,источники первого прогона не открываются — не проверяемы
pos-206360,Протокол децентрализованной криптографической аутентификации и расчетов для автономных агентов,источники первого прогона не открываются — не проверяемы
pos-702136,Ончейн-скоринг кредитоспособности и алгоритмическое кредитование автономных программных агентов,источники первого прогона не открываются — не проверяемы
pos-884596,Трансляция регуляторных предписаний в машиночитаемую логику для непрерывного комплаенс-контроля,источники первого прогона не открываются — не проверяемы
pos-997843,Графовые нейросети для выявления межведомственного мошенничества при корпоративном онбординге,источники первого прогона не открываются — не проверяемы
pos-920136,Полностью гомоморфное шифрование для безопасного исполнения конфиденциальных финансовых алгоритмов,источники первого прогона не открываются — не проверяемы
pos-947146,Протокол zkTLS для верификации данных без раскрытия конфиденциальной финансовой информации,источники первого прогона не открываются — не проверяемы
pos-705463,Платежная инфраструктура и протокол клиринга для автономных транзакций между ИИ-агентами,источники первого прогона не открываются — не проверяемы
pos-275148,Криптографическая верификация идентичности и мандатов автономных программных агентов в финансах,источники первого прогона не открываются — не проверяемы
pos-433584,Автономные платежные протоколы для взаиморасчетов между независимыми программными ИИ-агентами,источники первого прогона не открываются — не проверяемы
pos-489529,Криптографически проверяемое машинное обучение с нулевым разглашением для кредитного скоринга,источники первого прогона не открываются — не проверяемы
pos-870444,Формальная математическая верификация алгоритмов ИИ для систем автоматизированной биржевой торговли,источники первого прогона не открываются — не проверяемы
pos-743843,Адаптивное машинное обучение и анализ тональности для динамической оптимизации инвестиционных портфелей,источники первого прогона не открываются — не проверяемы
pos-555074,Агентное имитационное моделирование синтетических транзакций для тестирования алгоритмов обнаружения банковского мошенничества,источники первого прогона не открываются — не проверяемы
pos-610944,Многостороннее гомоморфное шифрование для межбанковского выявления финансового мошенничества и отмывания денег,источники первого прогона не открываются — не проверяемы
pos-712265,Перехват и верификация намерений вызова инструментов автономными ИИ-агентами в среде исполнения,источники первого прогона не открываются — не проверяемы
pos-618646,Децентрализованная авторизация и детерминированный контроль выполнения действий автономных ИИ-агентов,источники первого прогона не открываются — не проверяемы
pos-763111,Динамическое управление контекстом для предотвращения дрейфа целей автономных ИИ-агентов,источники первого прогона не открываются — не проверяемы
pos-037102,Изолированная киберполигонная среда для превентивного стресс-тестирования безопасности ИИ-моделей,источники первого прогона не открываются — не проверяемы
pos-378365,Машинное забывание для выборочного удаления конфиденциальных и искаженных данных из нейросетей,источники первого прогона не открываются — не проверяемы
pos-649481,Автоматизированное состязательное тестирование языковых моделей для выявления джейлбрейков и уязвимостей,источники первого прогона не открываются — не проверяемы
pos-785786,Аппаратно-независимое сжатие базовых нейросетей на основе квантовых алгоритмов для бортового периферийного инференса,источники первого прогона не открываются — не проверяемы
pos-240715,Событийно-управляемый аналогово-цифровой нейроморфный процессор для обработки сенсорных данных на периферии,источники первого прогона не открываются — не проверяемы
pos-151790,Сверхкомпактные изолированные языковые модели для автономного выполнения задач на периферийных устройствах,источники первого прогона не открываются — не проверяемы
pos-528194,Нейроморфные импульсные процессоры для сверхнизкопотребляющей классификации сигналов периферийных сенсоров,источники первого прогона не открываются — не проверяемы
pos-630628,Квантовые алмазные магнитометры для высокоточной периферийной навигации в отсутствие GPS-сигнала,источники первого прогона не открываются — не проверяемы
pos-009666,Цифровые процессоры вычислений в памяти для ускорения инференса нейросетей на граничных устройствах,источники первого прогона не открываются — не проверяемы
pos-230026,Безаккумуляторные сенсорные узлы со сбором энергии для автономного промышленного вибромониторинга,источники первого прогона не открываются — не проверяемы
pos-887874,Аналоговые вычисления в памяти на переключаемых конденсаторах для ускорения периферийного ИИ,источники первого прогона не открываются — не проверяемы
pos-892866,Трехмерные оптические вычисления в свободном пространстве для ускорения периферийных трансформерных моделей,источники первого прогона не открываются — не проверяемы
pos-630059,Встраиваемый аналого-цифровой макрос вычислений в памяти для энергоэффективных периферийных микроконтроллеров,источники первого прогона не открываются — не проверяемы
pos-873519,Событийно-управляемая нейроморфная обработка визуальных данных на сверхмаломощных периферийных сенсорах,источники первого прогона не открываются — не проверяемы
pos-746228,Аналоговые вычисления в энергонезависимой памяти для адаптивного периферийного дообучения нейросетей,источники первого прогона не открываются — не проверяемы
pos-3588130,Федеративная приватная сеть между провайдерами для распределенного инференса ИИ,источники не открываются даже через extract — не проверяемы
pos-8191691,Бесконтактная аутентификация розничных платежей по сканированию ладони,источники не открываются даже через extract — не проверяемы
pos-4511629,Защищенная сетевая маршрутизация для распределенного периферийного инференса на базе графических процессоров,источники не открываются даже через extract — не проверяемы
pos-7225232,Автоматизированная квалификация и скоринг арендаторов недвижимости на базе правил андеррайтинга,"стадия 5 по источникам: Boom already provides screening services to more than 400 property operators overseeing in excess of 500,000 units, with clients including AMH, Roots Management, Marketplace Homes, Saratoga Group, On "
pos-1297277,Прямые межбанковские платежи через интерфейсы открытого банкинга без ввода реквизитов,"стадия 5 по источникам: The partnership enables over 24,000 merchants using Kustom ’s checkout solution to offer instant, secure bank payments to their customers."
pos-3782575,Контроль и анализ переписки в мессенджерах для корпоративного комплаенса,"стадия 5 по источникам: enterprise communication software had moved from archiving conversations to governing them. “The latest uses AI to unlock value from every interaction,” said Parks. “LeapXpert leads that"
pos-8366185,Интеграция мультивалютных расчетных счетов и карт в платформы трансграничного найма,"стадия 5 по источникам: These fintech tools act as a powerful talent retention lever for regional enterprise heavyweights like Tabby and Careem , as well as global giants like Logitech , Tata Group , and InDrive who utilize "
pos-9361153,Оценка кредитоспособности заемщиков на основе анализа транзакционных данных открытого банкинга,"стадия 5 по источникам: Founded in 2018, Salad has extended more than £300m in affordable credit to over 190,000 people across the UK."
